<?xml version="1.0" encoding="utf-8" standalone="no" ?>
<placeable type="productionPoint" xmlns:xsi="http://www.w3.org/2001/XMLSchema-instance" xsi:noNamespaceSchemaLocation="../../../../../shared/xml/schema/placeable.xsd">
    <storeData>
        <name>Backyard Bakery LVL2</name>
        <functions>
            <function>$l10n_function_productionPoint</function>
        </functions>
        <image>$data/placeables/brandless/productionPointsSmall/bakery/store_bakery.png</image>
        <price>40000</price>
		<dailyUpkeep>20</dailyUpkeep>
        <lifetime>1000</lifetime>
        <rotation>0</rotation>
        <brand>NONE</brand>
        <species>PLACEABLE</species>
        <category>productionPoints</category>
        <brush>
            <type>placeable</type>
            <category>production</category>
            <tab>factories</tab>
        </brush>
        <vertexBufferMemoryUsage>354304</vertexBufferMemoryUsage>
        <indexBufferMemoryUsage>99840</indexBufferMemoryUsage>
        <textureMemoryUsage>1048576</textureMemoryUsage>
        <instanceVertexBufferMemoryUsage>0</instanceVertexBufferMemoryUsage>
        <instanceIndexBufferMemoryUsage>0</instanceIndexBufferMemoryUsage>
        <audioMemoryUsage>0</audioMemoryUsage>
    </storeData>

    <base>
        <filename>$data/placeables/brandless/productionPointsSmall/bakery/bakery.i3d</filename>
        <canBeRenamed>true</canBeRenamed>
    </base>

    <placement useRandomYRotation="false" useManualYRotation="true" >
        <testAreas>
            <testArea startNode="testAreaStart01" endNode="testAreaEnd01" />
        </testAreas>
        <sounds>
            <place template="smallImp"/>
        </sounds>
    </placement>

    <clearAreas>
        <clearArea startNode="clearAreaStart01" widthNode="clearAreaWidth01" heightNode="clearAreaHeight01"/>
    </clearAreas>

    <leveling requireLeveling="true" maxSmoothDistance="10" maxSlope="75" maxEdgeAngle="30" >
        <levelAreas>
            <levelArea startNode="levelAreaStart01" widthNode="levelAreaWidth01" heightNode="levelAreaHeight01" groundType="asphalt"/>
        </levelAreas>
        <paintAreas>
            <paintArea startNode="paintAreaStart01" widthNode="paintAreaWidth01" heightNode="paintAreaHeight01" groundType="asphalt"/>
        </paintAreas>
    </leveling>

    <indoorAreas>
        <indoorArea startNode="indoorAreaStart01" widthNode="indoorAreaWidth01" heightNode="indoorAreaHeight01" />
    </indoorAreas>

    <tipOcclusionUpdateAreas>
        <tipOcclusionUpdateArea startNode="tipOcclusionUpdateAreaStart01" endNode="tipOcclusionUpdateAreaEnd01" />
    </tipOcclusionUpdateAreas>

    <ai>
        <updateAreas>
            <updateArea startNode="tipOcclusionUpdateAreaStart01" endNode="tipOcclusionUpdateAreaEnd01" />
        </updateAreas>
    </ai>

    <infoTrigger triggerNode="infoTrigger"/>

    <hotspots>
        <hotspot type="PRODUCTION_POINT" linkNode="unloadTriggerMarker" teleportNode="playerTriggerMarker" />
    </hotspots>

    <dynamicallyLoadedParts>
        <dynamicallyLoadedPart node="0" linkNode="lightSwitch01" filename="$data/shared/assets/lights/rudolfHormann/powerSwitch.i3d" />
    </dynamicallyLoadedParts>

    <triggerMarkers>
        <triggerMarker node="warningStripes01"/>
        <triggerMarker node="warningStripes02"/>
        <triggerMarker node="unloadTriggerMarker" adjustToGround="true" filename="$data/shared/assets/marker/markerIconUnload.i3d"/>
        <triggerMarker node="playerTriggerMarker" adjustToGround="true" filename="$data/shared/assets/marker/markerIconWrench.i3d"/>
    </triggerMarkers>

    <lights>
        <sharedLight filename="$data/shared/assets/lights/terraLed/fluorescentTube50W.xml" linkNode="lightNode01" groupIndex="1"/>
        <sharedLight filename="$data/shared/assets/lights/terraLed/fluorescentTube50W.xml" linkNode="lightNode02" groupIndex="1"/>

        <realLights>
            <low>
                <light node="realLightsLow" groupIndex="1"/>
            </low>
            <high>
                <light node="realLightsHigh" groupIndex="1"/>
            </high>
        </realLights>

        <group name="$l10n_action_placeableLightShed" triggerNode="lightTrigger01">
            <sounds>
                <toggle template="lizardFloodLight" innerRadius="3" outerRadius="15" volumeScale="0.2"/>
            </sounds>
        </group>
    </lights>

    <productionPoint>
        <productions sharedThroughputCapacity="false">
            <production id="bread" name="%s (%s)" params="$l10n_fillType_bread|$l10n_fillType_flour" cyclesPerHour="12.5" costsPerActiveHour="2.5">
                <inputs>
                    <input fillType="FLOUR" amount="9" />
                </inputs>
                <outputs>
                    <output fillType="BREAD" amount="4.5" />
                </outputs>
            </production>
            <production id="breadRiceFlour" name="%s (%s)" params="$l10n_fillType_bread|$l10n_fillType_riceFlour" cyclesPerHour="5" costsPerActiveHour="3">
                <inputs>
                    <input fillType="RICEFLOUR" amount="6.8" />
                </inputs>
                <outputs>
                    <output fillType="BREAD" amount="4.5" />
                </outputs>
            </production>

            <production id="cake" name="%s (%s)" params="$l10n_fillType_cake|$l10n_fillType_flour" cyclesPerHour="0.5" costsPerActiveHour="2.5">
                <inputs>
                    <input fillType="FLOUR"        amount="8" />
                    <input fillType="SUGAR"        amount="8" />
                    <input fillType="MILK_BOTTLED" amount="8" />
                    <input fillType="EGG"          amount="8" />
                    <input fillType="BUTTER"       amount="8" />
                    <input fillType="STRAWBERRY"   amount="8" />
                </inputs>
                <outputs>
                    <output fillType="CAKE" amount="21" />
                </outputs>
            </production>
            <production id="cakeRiceFlour" name="%s (%s)" params="$l10n_fillType_cake|$l10n_fillType_riceFlour" cyclesPerHour="0.5" costsPerActiveHour="2.5">
                <inputs>
                    <input fillType="RICEFLOUR"    amount="6" />
                    <input fillType="SUGAR"        amount="8" />
                    <input fillType="MILK_BOTTLED" amount="8" />
                    <input fillType="EGG"          amount="8" />
                    <input fillType="BUTTER"       amount="8" />
                    <input fillType="STRAWBERRY"   amount="8" />
                </inputs>
                <outputs>
                    <output fillType="CAKE" amount="21" />
                </outputs>
            </production>
        </productions>

        <storage isExtension="false" fillLevelSyncThreshold="50">
            <capacity fillType="FLOUR"        capacity="22000" />
            <capacity fillType="RICEFLOUR"    capacity="16400" />
            <capacity fillType="SUGAR"        capacity="1000" />
            <capacity fillType="MILK_BOTTLED" capacity="1000" />
            <capacity fillType="EGG"          capacity="1000" />
            <capacity fillType="BUTTER"       capacity="1000" />
            <capacity fillType="STRAWBERRY"   capacity="1000" />
            <capacity fillType="BREAD"        capacity="11000" />
            <capacity fillType="CAKE"         capacity="2000" />
        </storage>

        <sellingStation node="sellingStation" appearsOnStats="true" supportsExtension="false" allowMissions="false">
            <unloadTrigger exactFillRootNode="exactFillNode" aiNode="unloadTriggerAINode" fillTypes="MILK_BOTTLED" />
            <palletTrigger triggerNode="palletTrigger" aiNode="unloadTriggerAINode" fillTypes="FLOUR RICEFLOUR SUGAR MILK_BOTTLED EGG BUTTER STRAWBERRY" />
        </sellingStation>

        <palletSpawner>
            <spawnPlaces>
                <spawnPlace startNode="palletAreaStart01" endNode="palletAreaEnd01"/>
            </spawnPlaces>
        </palletSpawner>

        <playerTrigger node="playerTrigger" />
        <sounds>
            <idle   template="placeableSmallIdleGeneric" linkNode="0>"/>
            <active template="placeableSmallWorkGeneric" linkNode="0>"/>
        </sounds>
    </productionPoint>

    <i3dMappings>
        <i3dMapping id="bakeryShed" node="0>" />
        <i3dMapping id="clearAreaStart01" node="0>0|0" />
        <i3dMapping id="clearAreaWidth01" node="0>0|0|0" />
        <i3dMapping id="clearAreaHeight01" node="0>0|0|1" />
        <i3dMapping id="levelAreaStart01" node="0>1|0" />
        <i3dMapping id="levelAreaWidth01" node="0>1|0|0" />
        <i3dMapping id="levelAreaHeight01" node="0>1|0|1" />
        <i3dMapping id="paintAreaStart01" node="0>2|0" />
        <i3dMapping id="paintAreaWidth01" node="0>2|0|0" />
        <i3dMapping id="paintAreaHeight01" node="0>2|1" />
        <i3dMapping id="indoorAreaStart01" node="0>3|0" />
        <i3dMapping id="indoorAreaWidth01" node="0>3|0|0" />
        <i3dMapping id="indoorAreaHeight01" node="0>3|0|1" />
        <i3dMapping id="testAreaStart01" node="0>4|0" />
        <i3dMapping id="testAreaEnd01" node="0>4|0|0" />
        <i3dMapping id="tipOcclusionUpdateAreaStart01" node="0>5|0" />
        <i3dMapping id="tipOcclusionUpdateAreaEnd01" node="0>5|0|0" />
        <i3dMapping id="realLightsLow" node="0>6|0|0" />
        <i3dMapping id="realLightsHigh" node="0>6|0|1" />
        <i3dMapping id="lightNode01" node="0>6|1|0" />
        <i3dMapping id="lightNode02" node="0>6|1|1" />
        <i3dMapping id="lightSwitch01" node="0>6|2" />
        <i3dMapping id="lightTrigger01" node="0>6|3" />
        <i3dMapping id="infoTrigger" node="0>7" />
        <i3dMapping id="warningStripes01" node="0>8|0" />
        <i3dMapping id="warningStripes02" node="0>8|1" />
        <i3dMapping id="sellingStation" node="0>9" />
        <i3dMapping id="exactFillNode" node="0>9|0" />
        <i3dMapping id="palletTrigger" node="0>9|1" />
        <i3dMapping id="unloadTriggerMarker" node="0>9|2" />
        <i3dMapping id="unloadTriggerAINode" node="0>9|3" />
        <i3dMapping id="playerTrigger" node="0>10|0" />
        <i3dMapping id="playerTriggerMarker" node="0>10|1" />
        <i3dMapping id="palletSpawner" node="0>11" />
        <i3dMapping id="palletAreaStart01" node="0>11|0" />
        <i3dMapping id="palletAreaEnd01" node="0>11|0|0" />
    </i3dMappings>
</placeable>
