<?xml version="1.0" encoding="utf-8" standalone="no" ?>
<placeable type="sellingStation" xmlns:xsi="http://www.w3.org/2001/XMLSchema-instance" xsi:noNamespaceSchemaLocation="../../../../../shared/xml/schema/placeable.xsd">
    <storeData>
        <name>Backyard Biomass Heating Plant LVL2</name>
        <functions>
            <function>$l10n_function_sellingPoint</function>
        </functions>
        <image>$data/placeables/brandless/productionPointsSmall/biomassHeatingPlant/store_biomassHeatingPlant.png</image>
        <price>40000</price>
		<dailyUpkeep>20</dailyUpkeep>
        <lifetime>1000</lifetime>
        <rotation>0</rotation>
        <brand>NONE</brand>
        <species>PLACEABLE</species>
        <category>sellingPoints</category>
        <brush>
            <type>placeable</type>
            <category>production</category>
            <tab>sellingPoints</tab>
        </brush>
        <vertexBufferMemoryUsage>128256</vertexBufferMemoryUsage>
        <indexBufferMemoryUsage>36864</indexBufferMemoryUsage>
        <textureMemoryUsage>524288</textureMemoryUsage>
        <instanceVertexBufferMemoryUsage>0</instanceVertexBufferMemoryUsage>
        <instanceIndexBufferMemoryUsage>0</instanceIndexBufferMemoryUsage>
        <audioMemoryUsage>0</audioMemoryUsage>
    </storeData>

    <base>
        <filename>$data/placeables/brandless/productionPointsSmall/biomassHeatingPlant/biomassHeatingPlant.i3d</filename>
        <canBeRenamed>true</canBeRenamed>
    </base>

    <placement useRandomYRotation="false" useManualYRotation="true" >
        <testAreas>
            <testArea startNode="testAreaStart01" endNode="testAreaEnd01" />
        </testAreas>
        <sounds>
            <place template="smallImp" />
        </sounds>
    </placement>

    <clearAreas>
        <clearArea startNode="clearAreaStart01" widthNode="clearAreaWidth01" heightNode="clearAreaHeight01"/>
    </clearAreas>

    <leveling requireLeveling="true" maxSmoothDistance="10" maxSlope="75" maxEdgeAngle="30" >
        <levelAreas>
            <levelArea startNode="levelAreaStart01" widthNode="levelAreaWidth01" heightNode="levelAreaHeight01" groundType="asphalt"/>
        </levelAreas>
        <paintAreas>
            <paintArea startNode="paintAreaStart01" widthNode="paintAreaWidth01" heightNode="paintAreaHeight01" groundType="asphalt"/>
        </paintAreas>
    </leveling>

    <indoorAreas>
        <indoorArea startNode="indoorAreaStart01" widthNode="indoorAreaWidth01" heightNode="indoorAreaHeight01" />
    </indoorAreas>

    <tipOcclusionUpdateAreas>
        <tipOcclusionUpdateArea startNode="tipOcclusionUpdateAreaStart01" endNode="tipOcclusionUpdateAreaEnd01" />
    </tipOcclusionUpdateAreas>

    <ai>
        <updateAreas>
            <updateArea startNode="tipOcclusionUpdateAreaStart01" endNode="tipOcclusionUpdateAreaEnd01" />
        </updateAreas>
    </ai>

    <infoTrigger triggerNode="infoTrigger"/>

    <triggerMarkers>
        <triggerMarker node="unloadTriggerMarker" filename="$data/shared/assets/marker/markerIconUnload.i3d" adjustToGround="true" />
        <triggerMarker node="warningStripes01"/>
    </triggerMarkers>

    <hotspots>
        <hotspot type="UNLOADING" linkNode="unloadTriggerMarker" teleportNode="teleportNode" />
    </hotspots>

    <sellingStation appearsOnStats="true" node="sellingStation" supportsExtension="false" allowMissions="false">
        <unloadTrigger exactFillRootNode="exactFillRootNode" fillTypes="WOODCHIPS STRAW" aiNode="unloadTriggerAINode" />
        <palletTrigger triggerNode="palletTrigger" fillTypes="WOODCHIPS STRAW" />
        <baleTrigger triggerNode="baleTrigger" deleteLitersPerSecond="10000" fillTypes="WOODCHIPS STRAW" />

        <fillType name="WOODCHIPS" priceScale="1.5" supportsGreatDemand="true" disablePriceDrop="false" />
        <fillType name="STRAW"     priceScale="1.5" supportsGreatDemand="true" disablePriceDrop="false" />

        <sounds>
            <idle template="sugarMillIdle" innerRadius="5.00" outerRadius="15.00" volumeScale="0.4" fadeOut="0.1" loops="0" linkNode="0" pitchScale="1.3"/>
            <active template="biomassPlantActive" innerRadius="5.00" outerRadius="15.00" fadeOut="0.1" loops="0" linkNode="0"/>
        </sounds>
    </sellingStation>

    <i3dMappings>
        <i3dMapping id="clearAreaStart01" node="0>0|0" />
        <i3dMapping id="clearAreaWidth01" node="0>0|0|0" />
        <i3dMapping id="clearAreaHeight01" node="0>0|0|1" />
        <i3dMapping id="levelAreaStart01" node="0>1|0" />
        <i3dMapping id="levelAreaWidth01" node="0>1|0|0" />
        <i3dMapping id="levelAreaHeight01" node="0>1|0|1" />
        <i3dMapping id="paintAreaStart01" node="0>2|0" />
        <i3dMapping id="paintAreaWidth01" node="0>2|0|0" />
        <i3dMapping id="paintAreaHeight01" node="0>2|0|1" />
        <i3dMapping id="indoorAreaHeight01" node="0>3|0" />
        <i3dMapping id="indoorAreaWidth01" node="0>3|0|0" />
        <i3dMapping id="indoorAreaStart01" node="0>3|0|1" />
        <i3dMapping id="testAreaStart01" node="0>4|0" />
        <i3dMapping id="testAreaEnd01" node="0>4|0|0" />
        <i3dMapping id="tipOcclusionUpdateAreaStart01" node="0>5|0" />
        <i3dMapping id="tipOcclusionUpdateAreaEnd01" node="0>5|0|0" />
        <i3dMapping id="infoTrigger" node="0>6" />
        <i3dMapping id="sellingStation" node="0>7" />
        <i3dMapping id="exactFillRootNode" node="0>7|0" />
        <i3dMapping id="palletTrigger" node="0>7|1" />
        <i3dMapping id="baleTrigger" node="0>7|2" />
        <i3dMapping id="unloadTriggerMarker" node="0>7|3" />
        <i3dMapping id="unloadTriggerAINode" node="0>7|4" />
        <i3dMapping id="teleportNode" node="0>7|5" />
        <i3dMapping id="warningStripes01" node="0>8|0" />
    </i3dMappings>
</placeable>
