<?xml version="1.0" encoding="utf-8" standalone="no" ?>
<placeable type="productionPoint" xmlns:xsi="http://www.w3.org/2001/XMLSchema-instance" xsi:noNamespaceSchemaLocation="../../../../../shared/xml/schema/placeable.xsd">
    <storeData>
        <name>Backyard Cannery LVL2</name>
        <functions>
            <function>$l10n_function_productionPoint</function>
        </functions>
        <image>$data/placeables/brandless/productionPointsSmall/cannedPackagedFactory/store_cannedPackagedFactory.png</image>
        <price>40000</price>
		<dailyUpkeep>20</dailyUpkeep>
        <lifetime>1000</lifetime>
        <rotation>0</rotation>
        <brand>NONE</brand>
        <species>PLACEABLE</species>
        <category>productionPoints</category>
        <brush>
            <type>placeable</type>
            <category>production</category>
            <tab>factories</tab>
        </brush>
        <vertexBufferMemoryUsage>630528</vertexBufferMemoryUsage>
        <indexBufferMemoryUsage>166912</indexBufferMemoryUsage>
        <textureMemoryUsage>524288</textureMemoryUsage>
        <instanceVertexBufferMemoryUsage>0</instanceVertexBufferMemoryUsage>
        <instanceIndexBufferMemoryUsage>0</instanceIndexBufferMemoryUsage>
        <audioMemoryUsage>0</audioMemoryUsage>
    </storeData>

    <base>
        <filename>$data/placeables/brandless/productionPointsSmall/cannedPackagedFactory/cannedPackagedFactory.i3d</filename>
        <canBeRenamed>true</canBeRenamed>
    </base>

    <placement useRandomYRotation="false" useManualYRotation="true" >
        <testAreas>
            <testArea startNode="testAreaStart01" endNode="testAreaEnd01" />
        </testAreas>
        <sounds>
            <place template="smallImp"/>
        </sounds>
    </placement>

    <clearAreas>
        <clearArea startNode="clearAreaStart01" widthNode="clearAreaWidth01" heightNode="clearAreaHeight01"/>
    </clearAreas>

    <leveling requireLeveling="true" maxSmoothDistance="10" maxSlope="75" maxEdgeAngle="30" >
        <levelAreas>
            <levelArea startNode="levelAreaStart01" widthNode="levelAreaWidth01" heightNode="levelAreaHeight01" groundType="asphalt"/>
        </levelAreas>
        <paintAreas>
            <paintArea startNode="paintAreaStart01" widthNode="paintAreaWidth01" heightNode="paintAreaHeight01" groundType="asphalt"/>
        </paintAreas>
    </leveling>

    <indoorAreas>
        <indoorArea startNode="indoorAreaStart01" widthNode="indoorAreaWidth01" heightNode="indoorAreaHeight01" />
    </indoorAreas>

    <tipOcclusionUpdateAreas>
        <tipOcclusionUpdateArea startNode="tipOcclusionUpdateAreaStart01" endNode="tipOcclusionUpdateAreaEnd01" />
    </tipOcclusionUpdateAreas>

    <ai>
        <updateAreas>
            <updateArea startNode="tipOcclusionUpdateAreaStart01" endNode="tipOcclusionUpdateAreaEnd01" />
        </updateAreas>
    </ai>

    <infoTrigger triggerNode="infoTrigger"/>

    <hotspots>
        <hotspot type="PRODUCTION_POINT" linkNode="unloadTriggerMarker" teleportNode="playerTriggerMarker" />
    </hotspots>

    <dynamicallyLoadedParts>
        <dynamicallyLoadedPart node="0" linkNode="lightSwitch01" filename="$data/shared/assets/lights/rudolfHormann/powerSwitch.i3d" />
    </dynamicallyLoadedParts>

    <triggerMarkers>
        <triggerMarker node="warningStripes01"/>
        <triggerMarker node="warningStripes02"/>
        <triggerMarker node="unloadTriggerMarker" adjustToGround="true" filename="$data/shared/assets/marker/markerIconUnload.i3d"/>
        <triggerMarker node="playerTriggerMarker" adjustToGround="true" filename="$data/shared/assets/marker/markerIconWrench.i3d"/>
    </triggerMarkers>

    <lights>
        <sharedLight filename="$data/shared/assets/lights/terraLed/fluorescentTube50W.xml" linkNode="lightNode01" groupIndex="1"/>
        <sharedLight filename="$data/shared/assets/lights/terraLed/fluorescentTube50W.xml" linkNode="lightNode02" groupIndex="1"/>

        <realLights>
            <low>
                <light node="realLightsLow" groupIndex="1"/>
            </low>
            <high>
                <light node="realLightsHigh" groupIndex="1"/>
            </high>
        </realLights>

        <group name="$l10n_action_placeableLightShed" triggerNode="lightTrigger01">
            <sounds>
                <toggle template="lizardFloodLight" innerRadius="3" outerRadius="15" volumeScale="0.2"/>
            </sounds>
        </group>
    </lights>

    <productionPoint>
        <productions sharedThroughputCapacity="false">
            <production id="preservedFoodCarrots" name="$l10n_fillType_preservedFoodCarrots" cyclesPerHour="2.5" costsPerActiveHour="4">
                <inputs>
                    <input fillType="CARROT" amount="100" />
                </inputs>
                <outputs>
                    <output fillType="PRESERVEDCARROTS" amount="45" />
                </outputs>
            </production>

            <production id="preservedFoodParsnip" name="$l10n_fillType_preservedFoodParsnip" cyclesPerHour="2.5" costsPerActiveHour="4">
                <inputs>
                    <input fillType="PARSNIP" amount="100" />
                </inputs>
                <outputs>
                    <output fillType="PRESERVEDPARSNIP" amount="45" />
                </outputs>
            </production>

            <production id="preservedFoodBeetRoot" name="$l10n_fillType_preservedFoodBeetRoot" cyclesPerHour="2.5" costsPerActiveHour="4">
                <inputs>
                    <input fillType="BEETROOT" amount="100" />
                </inputs>
                <outputs>
                    <output fillType="PRESERVEDBEETROOT" amount="45" />
                </outputs>
            </production>

            <production id="preservedFoodCannedPea" name="$l10n_fillType_cannedPea" cyclesPerHour="2.5" costsPerActiveHour="2">
                <inputs>
                    <input fillType="PEA" amount="100" />
                </inputs>
                <outputs>
                    <output fillType="CANNED_PEAS" amount="45" />
                </outputs>
            </production>

            <production id="preservedFoodSpinachBags" name="$l10n_fillType_spinachBag" cyclesPerHour="2.5" costsPerActiveHour="2">
                <inputs>
                    <input fillType="SPINACH" amount="100" />
                </inputs>
                <outputs>
                    <output fillType="SPINACH_BAGS" amount="45" />
                </outputs>
            </production>

            <production id="preservedFoodRiceBags" name="%s (%s)" params="$l10n_fillType_riceBag|$l10n_fillType_rice" cyclesPerHour="2.5" costsPerActiveHour="2">
                <inputs>
                    <input fillType="RICE" amount="100" />
                </inputs>
                <outputs>
                    <output fillType="RICE_BAGS" amount="45" />
                </outputs>
            </production>

            <production id="preservedFoodRiceBoxes" name="%s (%s)" params="$l10n_fillType_riceBox|$l10n_fillType_riceLongGrain" cyclesPerHour="2.5" costsPerActiveHour="2">
                <inputs>
                    <input fillType="RICELONGGRAIN" amount="100" />
                </inputs>
                <outputs>
                    <output fillType="RICE_BOXES" amount="45" />
                </outputs>
            </production>

            <production id="preservedFoodjarredGreenbean" name="$l10n_fillType_jarredGreenBean" cyclesPerHour="2.5" costsPerActiveHour="2">
                <inputs>
                    <input fillType="GREENBEAN" amount="100" />
                </inputs>
                <outputs>
                    <output fillType="JARRED_GREENBEAN" amount="45" />
                </outputs>
            </production>

            <production id="preservedFoodFermentedNapaCabbage" name="$l10n_fillType_fermentedNapaCabbage" cyclesPerHour="2.5" costsPerActiveHour="5">
                <inputs>
                    <input fillType="NAPACABBAGE"  amount="20" />
                    <input fillType="GARLIC"       amount="2" />
                    <input fillType="SPRING_ONION" amount="2" />
                    <input fillType="CHILLI"       amount="2" />
                </inputs>
                <outputs>
                    <output fillType="FERMENTEDNAPACABBAGE" amount="42" />
                </outputs>
            </production>

            <production id="noodleSoupFlour" name="%s (%s)" params="$l10n_fillType_noodleSoup|$l10n_fillType_flour" cyclesPerHour="2.5" costsPerActiveHour="2">
                <inputs>
                    <input fillType="FLOUR" amount="55" />
                    <input fillType="EGG"   amount="10" />
                </inputs>
                <outputs>
                    <output fillType="NOODLESOUP" amount="40" />
                </outputs>
            </production>
            <production id="noodleSoupRiceFlour" name="%s (%s)" params="$l10n_fillType_noodleSoup|$l10n_fillType_riceFlour" cyclesPerHour="2.5" costsPerActiveHour="1">
                <inputs>
                    <input fillType="RICEFLOUR" amount="42" />
                    <input fillType="EGG"       amount="10" />
                </inputs>
                <outputs>
                    <output fillType="NOODLESOUP" amount="40" />
                </outputs>
            </production>

            <production id="riceRollsRiceLongGrain" name="%s (%s)" params="$l10n_fillType_riceBag|$l10n_fillType_riceLongGrain" cyclesPerHour="2.5" costsPerActiveHour="5">
                <inputs>
                    <input fillType="RICELONGGRAIN" amount="60" />
                </inputs>
                <outputs>
                    <output fillType="RICEROLLS" amount="30" />
                </outputs>
            </production>
            <production id="riceRollsRice" name="%s (%s)" params="$l10n_fillType_riceBag|$l10n_fillType_rice" cyclesPerHour="2.5" costsPerActiveHour="7">
                <inputs>
                    <input fillType="RICE" amount="56" />
                </inputs>
                <outputs>
                    <output fillType="RICEROLLS" amount="50" />
                </outputs>
            </production>
        </productions>

        <storage isExtension="false" fillLevelSyncThreshold="50">
            <capacity fillType="CARROT"               capacity="48000" />
            <capacity fillType="PARSNIP"              capacity="48000" />
            <capacity fillType="BEETROOT"             capacity="48000" />
            <capacity fillType="PEA"                  capacity="48000" />
            <capacity fillType="SPINACH"              capacity="48000" />
            <capacity fillType="RICE"                 capacity="48000" />
            <capacity fillType="RICELONGGRAIN"        capacity="48000" />
            <capacity fillType="GREENBEAN"            capacity="48000" />
            <capacity fillType="NAPACABBAGE"          capacity="9600" />
            <capacity fillType="GARLIC"               capacity="960" />
            <capacity fillType="SPRING_ONION"         capacity="960" />
            <capacity fillType="CHILLI"               capacity="960" />
            <capacity fillType="FLOUR"                capacity="28000" />
            <capacity fillType="RICEFLOUR"            capacity="22000" />
            <capacity fillType="EGG"                  capacity="4800" />
            <capacity fillType="PRESERVEDCARROTS"     capacity="22000" />
            <capacity fillType="PRESERVEDPARSNIP"     capacity="22000" />
            <capacity fillType="PRESERVEDBEETROOT"    capacity="22000" />
            <capacity fillType="CANNED_PEAS"          capacity="22000" />
            <capacity fillType="SPINACH_BAGS"         capacity="22000" />
            <capacity fillType="RICE_BAGS"            capacity="22000" />
            <capacity fillType="RICE_BOXES"           capacity="22000" />
            <capacity fillType="JARRED_GREENBEAN"     capacity="22000" />
            <capacity fillType="FERMENTEDNAPACABBAGE" capacity="22000" />
            <capacity fillType="NOODLESOUP"           capacity="19200" />
            <capacity fillType="RICEROLLS"            capacity="24000" />
        </storage>

        <sellingStation node="sellingStation" supportsExtension="false" allowMissions="false">
            <unloadTrigger exactFillRootNode="exactFillNode" aiNode="unloadTriggerAINode" fillTypes="CARROT PARSNIP BEETROOT PEA GREENBEAN SPINACH RICE RICELONGGRAIN"/>
            <palletTrigger triggerNode="palletTrigger" fillTypes="CARROT PARSNIP BEETROOT NAPACABBAGE GARLIC SPRING_ONION CHILLI FLOUR RICEFLOUR EGG"/>
        </sellingStation>

        <palletSpawner>
            <spawnPlaces>
                <spawnPlace startNode="palletAreaStart01" endNode="palletAreaEnd01" />
            </spawnPlaces>
        </palletSpawner>

        <playerTrigger node="playerTrigger" />
        <sounds>
            <idle   template="placeableSmallIdleGeneric" linkNode="0>"/>
            <active template="placeableSmallWorkGeneric" linkNode="0>"/>
        </sounds>
    </productionPoint>

    <i3dMappings>
        <i3dMapping id="cannedPackageFactoryShed" node="0>" />
        <i3dMapping id="clearAreaStart01" node="0>0|0" />
        <i3dMapping id="clearAreaWidth01" node="0>0|0|0" />
        <i3dMapping id="clearAreaHeight01" node="0>0|0|1" />
        <i3dMapping id="levelAreaStart01" node="0>1|0" />
        <i3dMapping id="levelAreaWidth01" node="0>1|0|0" />
        <i3dMapping id="levelAreaHeight01" node="0>1|0|1" />
        <i3dMapping id="paintAreaStart01" node="0>2|0" />
        <i3dMapping id="paintAreaWidth01" node="0>2|0|0" />
        <i3dMapping id="paintAreaHeight01" node="0>2|0|1" />
        <i3dMapping id="indoorAreaStart01" node="0>3|0" />
        <i3dMapping id="indoorAreaWidth01" node="0>3|0|0" />
        <i3dMapping id="indoorAreaHeight01" node="0>3|0|1" />
        <i3dMapping id="testAreaStart01" node="0>4|0" />
        <i3dMapping id="testAreaEnd01" node="0>4|0|0" />
        <i3dMapping id="tipOcclusionUpdateAreaStart01" node="0>5|0" />
        <i3dMapping id="tipOcclusionUpdateAreaEnd01" node="0>5|0|0" />
        <i3dMapping id="infoTrigger" node="0>6" />
        <i3dMapping id="realLightsLow" node="0>7|0|0" />
        <i3dMapping id="realLightsHigh" node="0>7|0|1" />
        <i3dMapping id="lightNode01" node="0>7|1|0" />
        <i3dMapping id="lightNode02" node="0>7|1|1" />
        <i3dMapping id="lightSwitch01" node="0>7|2" />
        <i3dMapping id="lightTrigger01" node="0>7|3" />
        <i3dMapping id="sellingStation" node="0>8" />
        <i3dMapping id="exactFillNode" node="0>8|0" />
        <i3dMapping id="palletTrigger" node="0>8|1" />
        <i3dMapping id="unloadTriggerMarker" node="0>8|2" />
        <i3dMapping id="unloadTriggerAINode" node="0>8|3" />
        <i3dMapping id="playerTrigger" node="0>9|0" />
        <i3dMapping id="playerTriggerMarker" node="0>9|1" />
        <i3dMapping id="palletSpawner" node="0>10" />
        <i3dMapping id="palletAreaStart01" node="0>10|0" />
        <i3dMapping id="palletAreaEnd01" node="0>10|0|0" />
        <i3dMapping id="warningStripes01" node="0>11|0" />
        <i3dMapping id="warningStripes02" node="0>11|1" />
    </i3dMappings>
</placeable>
