<?xml version="1.0" encoding="utf-8" standalone="no" ?>
<placeable type="productionPoint" xmlns:xsi="http://www.w3.org/2001/XMLSchema-instance" xsi:noNamespaceSchemaLocation="../../../../../shared/xml/schema/placeable.xsd">
    <storeData>
        <name>Backyard Dairy LVL2</name>
        <functions>
            <function>$l10n_function_productionPoint</function>
        </functions>
        <image>$data/placeables/brandless/productionPointsSmall/dairy/store_dairy.png</image>
        <price>40000</price>
		<dailyUpkeep>20</dailyUpkeep>
        <lifetime>1000</lifetime>
        <rotation>0</rotation>
        <brand>NONE</brand>
        <species>PLACEABLE</species>
        <category>productionPoints</category>
        <brush>
            <type>placeable</type>
            <category>production</category>
            <tab>factories</tab>
        </brush>
        <vertexBufferMemoryUsage>362752</vertexBufferMemoryUsage>
        <indexBufferMemoryUsage>112384</indexBufferMemoryUsage>
        <textureMemoryUsage>524288</textureMemoryUsage>
        <instanceVertexBufferMemoryUsage>0</instanceVertexBufferMemoryUsage>
        <instanceIndexBufferMemoryUsage>0</instanceIndexBufferMemoryUsage>
        <audioMemoryUsage>0</audioMemoryUsage>
    </storeData>

    <base>
        <filename>$data/placeables/brandless/productionPointsSmall/dairy/dairy.i3d</filename>
        <canBeRenamed>true</canBeRenamed>
    </base>

    <placement useRandomYRotation="false" useManualYRotation="true" >
        <testAreas>
            <testArea startNode="testAreaStart01" endNode="testAreaEnd01" />
        </testAreas>
        <sounds>
            <place template="smallImp"/>
        </sounds>
    </placement>

    <clearAreas>
        <clearArea startNode="clearAreaStart01" widthNode="clearAreaWidth01" heightNode="clearAreaHeight01"/>
    </clearAreas>

    <leveling requireLeveling="true" maxSmoothDistance="10" maxSlope="75" maxEdgeAngle="30" >
        <levelAreas>
            <levelArea startNode="levelAreaStart01" widthNode="levelAreaWidth01" heightNode="levelAreaHeight01" groundType="asphalt"/>
        </levelAreas>
        <paintAreas>
            <paintArea startNode="paintAreaStart01" widthNode="paintAreaWidth01" heightNode="paintAreaHeight01" groundType="asphalt"/>
        </paintAreas>
    </leveling>

    <indoorAreas>
        <indoorArea startNode="indoorAreaStart01" widthNode="indoorAreaWidth01" heightNode="indoorAreaHeight01" />
    </indoorAreas>

    <tipOcclusionUpdateAreas>
        <tipOcclusionUpdateArea startNode="tipOcclusionUpdateAreaStart01" endNode="tipOcclusionUpdateAreaEnd01" />
    </tipOcclusionUpdateAreas>

    <ai>
        <updateAreas>
            <updateArea startNode="tipOcclusionUpdateAreaStart01" endNode="tipOcclusionUpdateAreaEnd01" />
        </updateAreas>
    </ai>

    <infoTrigger triggerNode="infoTrigger"/>

    <hotspots>
        <hotspot type="PRODUCTION_POINT" linkNode="unloadTriggerMarker" teleportNode="playerTriggerMarker" />
    </hotspots>

    <dynamicallyLoadedParts>
        <dynamicallyLoadedPart node="0" linkNode="lightSwitch01" filename="$data/shared/assets/lights/rudolfHormann/powerSwitch.i3d" />
    </dynamicallyLoadedParts>

    <triggerMarkers>
        <triggerMarker node="warningStripes01"/>
        <triggerMarker node="warningStripes02"/>
        <triggerMarker node="unloadTriggerMarker" adjustToGround="true" filename="$data/shared/assets/marker/markerIconUnload.i3d"/>
        <triggerMarker node="playerTriggerMarker" adjustToGround="true" filename="$data/shared/assets/marker/markerIconWrench.i3d"/>
    </triggerMarkers>

    <lights>
        <sharedLight filename="$data/shared/assets/lights/terraLed/fluorescentTube50W.xml" linkNode="lightNode01" groupIndex="1"/>

        <realLights>
            <low>
                <light node="realLightsLow" groupIndex="1"/>
            </low>
            <high>
                <light node="realLightsHigh" groupIndex="1"/>
            </high>
        </realLights>

        <group name="$l10n_action_placeableLightShed" triggerNode="lightTrigger01">
            <sounds>
                <toggle template="lizardFloodLight" innerRadius="3" outerRadius="15" volumeScale="0.2"/>
            </sounds>
        </group>
    </lights>

    <productionPoint>
        <productions>
            <production id="butter_milk" name="%s (%s)" params="$l10n_fillType_butter|$l10n_fillType_milk" cyclesPerHour="5" costsPerActiveHour="1">
                <inputs>
                    <input fillType="MILK" amount="15" />
                </inputs>
                <outputs>
                    <output fillType="BUTTER" amount="10" />
                </outputs>
            </production>
            <production id="butter_goatMilk" name="%s (%s)" params="$l10n_fillType_butter|$l10n_fillType_goatMilk" cyclesPerHour="7.75" costsPerActiveHour="4">
                <inputs>
                    <input fillType="GOATMILK" amount="10" />
                </inputs>
                <outputs>
                    <output fillType="BUTTER" amount="5" />
                </outputs>
            </production>
            <production id="butter_buffaloMilk" name="%s (%s)" params="$l10n_fillType_butter|$l10n_fillType_buffaloMilk" cyclesPerHour="7.75" costsPerActiveHour="8">
                <inputs>
                    <input fillType="BUFFALOMILK" amount="10" />
                </inputs>
                <outputs>
                    <output fillType="BUTTER" amount="5" />
                </outputs>
            </production>

            <production id="cheese" name="$l10n_fillType_cheese" cyclesPerHour="13.75" costsPerActiveHour="1">
                <inputs>
                    <input fillType="MILK" amount="3" />
                </inputs>
                <outputs>
                    <output fillType="CHEESE" amount="2" />
                </outputs>
            </production>
            <production id="goatcheese" name="$l10n_fillType_goatCheese" cyclesPerHour="10" costsPerActiveHour="4">
                <inputs>
                    <input fillType="GOATMILK" amount="6" />
                </inputs>
                <outputs>
                    <output fillType="GOATCHEESE" amount="3" />
                </outputs>
            </production>
            <production id="buffalomozzarella" name="$l10n_fillType_buffaloMozzarella" cyclesPerHour="5" costsPerActiveHour="8">
                <inputs>
                    <input fillType="BUFFALOMILK" amount="3" />
                </inputs>
                <outputs>
                    <output fillType="BUFFALOMOZZARELLA" amount="2" />
                </outputs>
            </production>

            <production id="chocolate" name="$l10n_fillType_chocolate" cyclesPerHour="26.25" costsPerActiveHour="1">
                <inputs>
                    <input fillType="MILK"  amount="1" />
                    <input fillType="SUGAR" amount="1" />
                </inputs>
                <outputs>
                    <output fillType="CHOCOLATE" amount="1" />
                </outputs>
            </production>

            <production id="milkBottled" name="$l10n_fillType_milk_bottled" cyclesPerHour="5" costsPerActiveHour="1">
                <inputs>
                    <input fillType="MILK" amount="10" />
                </inputs>
                <outputs>
                    <output fillType="MILK_BOTTLED" amount="10" />
                </outputs>
            </production>
            <production id="goatmilkBottled" name="$l10n_fillType_goatMilk_bottled" cyclesPerHour="1.5" costsPerActiveHour="4">
                <inputs>
                    <input fillType="GOATMILK" amount="10" />
                </inputs>
                <outputs>
                    <output fillType="GOATMILK_BOTTLED" amount="10" />
                </outputs>
            </production>
            <production id="buffalomilkBottled" name="$l10n_fillType_buffaloMilk_bottled" cyclesPerHour="1.5" costsPerActiveHour="8">
                <inputs>
                    <input fillType="BUFFALOMILK" amount="10" />
                </inputs>
                <outputs>
                    <output fillType="BUFFALOMILK_BOTTLED" amount="10" />
                </outputs>
            </production>
        </productions>

        <storage isExtension="false" fillLevelSyncThreshold="50">
            <capacity fillType="MILK"                capacity="14400" />
            <capacity fillType="GOATMILK"            capacity="5800" />
            <capacity fillType="BUFFALOMILK"         capacity="5000" />
            <capacity fillType="SUGAR"               capacity="5200" />
            <capacity fillType="BUTTER"              capacity="14000" />
            <capacity fillType="CHEESE"              capacity="8000" />
            <capacity fillType="GOATCHEESE"          capacity="8000" />
            <capacity fillType="BUFFALOMOZZARELLA"   capacity="4000" />
            <capacity fillType="CHOCOLATE"           capacity="6000" />
            <capacity fillType="MILK_BOTTLED"        capacity="19200" />
            <capacity fillType="GOATMILK_BOTTLED"    capacity="6000" />
            <capacity fillType="BUFFALOMILK_BOTTLED" capacity="6000" />
        </storage>

        <sellingStation node="sellingStation" supportsExtension="false" allowMissions="false">
            <unloadTrigger exactFillRootNode="exactFillNode" aiNode="unloadTriggerAINode" fillTypes="MILK GOATMILK BUFFALOMILK"/>
            <palletTrigger triggerNode="palletTrigger" fillTypes="MILK GOATMILK BUFFALOMILK SUGAR"/>
        </sellingStation>

        <palletSpawner>
            <spawnPlaces>
                <spawnPlace startNode="palletAreaStart01" endNode="palletAreaEnd01"/>
            </spawnPlaces>
        </palletSpawner>

        <playerTrigger node="playerTrigger" />
        <sounds>
            <idle   template="placeableSmallIdleGeneric" linkNode="0>"/>
            <active template="dairyWork" linkNode="0>" pitchScale="1.2" innerRadius="2" outerRadius="15" volumeScale="0.9"/>
        </sounds>
    </productionPoint>

    <i3dMappings>
        <i3dMapping id="clearAreaStart01" node="0>0|0" />
        <i3dMapping id="clearAreaWidth01" node="0>0|0|0" />
        <i3dMapping id="clearAreaHeight01" node="0>0|0|1" />
        <i3dMapping id="levelAreaStart01" node="0>1|0" />
        <i3dMapping id="levelAreaWidth01" node="0>1|0|0" />
        <i3dMapping id="levelAreaHeight01" node="0>1|0|1" />
        <i3dMapping id="paintAreaStart01" node="0>2|0" />
        <i3dMapping id="paintAreaWidth01" node="0>2|0|0" />
        <i3dMapping id="paintAreaHeight01" node="0>2|0|1" />
        <i3dMapping id="indoorAreaStart01" node="0>3|0" />
        <i3dMapping id="indoorAreaWidth01" node="0>3|0|0" />
        <i3dMapping id="indoorAreaHeight01" node="0>3|0|1" />
        <i3dMapping id="testAreaStart01" node="0>4|0" />
        <i3dMapping id="testAreaEnd01" node="0>4|0|0" />
        <i3dMapping id="tipOcclusionUpdateAreaStart01" node="0>5|0" />
        <i3dMapping id="tipOcclusionUpdateAreaEnd01" node="0>5|0|0" />
        <i3dMapping id="realLightsLow" node="0>6|0|0" />
        <i3dMapping id="realLightsHigh" node="0>6|0|1" />
        <i3dMapping id="lightNode01" node="0>6|1|0" />
        <i3dMapping id="lightSwitch01" node="0>6|2" />
        <i3dMapping id="lightTrigger01" node="0>6|3" />
        <i3dMapping id="infoTrigger" node="0>7" />
        <i3dMapping id="sellingStation" node="0>8" />
        <i3dMapping id="exactFillNode" node="0>8|0" />
        <i3dMapping id="palletTrigger" node="0>8|1" />
        <i3dMapping id="unloadTriggerMarker" node="0>8|2" />
        <i3dMapping id="unloadTriggerAINode" node="0>8|3" />
        <i3dMapping id="playerTrigger" node="0>9|0" />
        <i3dMapping id="playerTriggerMarker" node="0>9|1" />
        <i3dMapping id="warningStripes01" node="0>10|0" />
        <i3dMapping id="warningStripes02" node="0>10|1" />
        <i3dMapping id="palletSpawner" node="0>11" />
        <i3dMapping id="palletAreaStart01" node="0>11|0" />
        <i3dMapping id="palletAreaEnd01" node="0>11|0|0" />
    </i3dMappings>
</placeable>
