﻿<?xml version="1.0" encoding="utf-8" standalone="no" ?>
<modDesc descVersion="92">
    <author>SickSixFarms</author>
    <version>1.0.0.0</version>
    <iconFilename>backyardproductions1.png</iconFilename>

    <title>
        <en>Backyard Productions Level 2</en>
    </title>
	<description>
		<en><![CDATA[These Backyard Productions produce at 250% and have double the capacity of the normal small productions. 
		Recipes remain the same in all except the Dairy, which has been rebalanced to use more milk. Also in this pack you can now have a small cooper and rope production.

Name: Backyard Bakery LVL2
Category: Productions
Price: $40,000
Daily Upkeep: 20

Name: Backyard Biomass Heating Plant LVL2
Category: Productions
Price: $40,000
Daily Upkeep: 20

Name: Backyard Cannery LVL2
Category: Productions
Price: $40,000
Daily Upkeep: 20

Name: Backyard Carpentry LVL2
Category: Productions
Price: $40,000
Daily Upkeep: 20

Name: Backyard Cooper LVL2
Category: Productions
Price: $40,000
Daily Upkeep: 20

Name: Backyard Dairy LVL2
Category: Productions
Price: $40,000
Recipes: The dairy recipes have been rebalanced to be more realistic.
Daily Upkeep: 20

Name: BBackyard Grain Mill LVL2
Category: Productions
Price: $40,000
Daily Upkeep: 20

Name: Backyard Grape Processing LVL2
Category: Productions
Price: $40,000
Daily Upkeep: 20

Name: Backyard Oil Production LVL2
Category: Productions
Price: $40,000
Daily Upkeep: 20

Name: Backyard Rope Maker LVL2
Category: Productions
Price: $40,000
Daily Upkeep: 20

Name: Backyard Sawmill LVL2
Category: Productions
Price: $40,000
Daily Upkeep: 20

Name: Backyard Spinnery LVL2
Category: Productions
Price: $40,000
Daily Upkeep: 20

Name: Backyard Sugar Mill LVL2
Category: Productions
Price: $40,000
Daily Upkeep: 20

Name: Backyard Tailor LVL2
Category: Productions
Price: $40,000
Daily Upkeep: 20
]]></en>	
	</description>
	<multiplayer supported="true"/>
    <storeItems>
        <storeItem xmlFilename="bakery2.xml"/>
		<storeItem xmlFilename="biomassHeatingPlant2.xml"/>
		<storeItem xmlFilename="cannedPackagedFactory2.xml"/>
		<storeItem xmlFilename="carpenter2.xml"/>
		<storeItem xmlFilename="cooper2.xml"/>
		<storeItem xmlFilename="dairy2.xml"/>
		<storeItem xmlFilename="grainFlourMill2.xml"/>
		<storeItem xmlFilename="grapeProcessingPlant2.xml"/>
		<storeItem xmlFilename="oilPlant2.xml"/>
		<storeItem xmlFilename="rope2.xml"/>
		<storeItem xmlFilename="sawmill2.xml"/>
		<storeItem xmlFilename="spinnery2.xml"/>
		<storeItem xmlFilename="sugarMill2.xml"/>
		<storeItem xmlFilename="tailorShop2.xml"/>
    </storeItems>

</modDesc>
