<?xml version="1.0" encoding="utf-8" standalone="no" ?>
<placeable type="productionPoint" xmlns:xsi="http://www.w3.org/2001/XMLSchema-instance" xsi:noNamespaceSchemaLocation="../../../../../shared/xml/schema/placeable.xsd">
    <storeData>
        <name>Backyard Oil Production LVL2</name>
        <functions>
            <function>$l10n_function_productionPoint</function>
        </functions>
        <image>$data/placeables/brandless/productionPointsSmall/oilPlant/store_oilPlant.png</image>
        <price>40000</price>
		<dailyUpkeep>20</dailyUpkeep>
        <lifetime>1000</lifetime>
        <rotation>0</rotation>
        <brand>NONE</brand>
        <species>PLACEABLE</species>
        <category>productionPoints</category>
        <brush>
            <type>placeable</type>
            <category>production</category>
            <tab>factories</tab>
        </brush>
        <vertexBufferMemoryUsage>218624</vertexBufferMemoryUsage>
        <indexBufferMemoryUsage>62720</indexBufferMemoryUsage>
        <textureMemoryUsage>524288</textureMemoryUsage>
        <instanceVertexBufferMemoryUsage>0</instanceVertexBufferMemoryUsage>
        <instanceIndexBufferMemoryUsage>0</instanceIndexBufferMemoryUsage>
        <audioMemoryUsage>0</audioMemoryUsage>
    </storeData>

    <base>
        <filename>$data/placeables/brandless/productionPointsSmall/oilPlant/oilPlant.i3d</filename>
        <canBeRenamed>true</canBeRenamed>
    </base>

    <placement useRandomYRotation="false" useManualYRotation="true" >
        <testAreas>
            <testArea startNode="testAreaStart01" endNode="testAreaEnd01" />
        </testAreas>
        <sounds>
            <place template="smallImp"/>
        </sounds>
    </placement>

    <clearAreas>
        <clearArea startNode="clearAreaStart01" widthNode="clearAreaWidth01" heightNode="clearAreaHeight01"/>
    </clearAreas>

    <leveling requireLeveling="true" maxSmoothDistance="10" maxSlope="75" maxEdgeAngle="30" >
        <levelAreas>
            <levelArea startNode="levelAreaStart01" widthNode="levelAreaWidth01" heightNode="levelAreaHeight01" groundType="asphalt"/>
        </levelAreas>
        <paintAreas>
            <paintArea startNode="paintAreaStart01" widthNode="paintAreaWidth01" heightNode="paintAreaHeight01" groundType="asphalt"/>
        </paintAreas>
    </leveling>

    <indoorAreas>
        <indoorArea startNode="indoorAreaStart01" widthNode="indoorAreaWidth01" heightNode="indoorAreaHeight01" />
    </indoorAreas>

    <tipOcclusionUpdateAreas>
        <tipOcclusionUpdateArea startNode="tipOcclusionUpdateAreaStart01" endNode="tipOcclusionUpdateAreaEnd01" />
    </tipOcclusionUpdateAreas>

    <ai>
        <updateAreas>
            <updateArea startNode="tipOcclusionUpdateAreaStart01" endNode="tipOcclusionUpdateAreaEnd01" />
        </updateAreas>
    </ai>

    <infoTrigger triggerNode="infoTrigger"/>

    <hotspots>
        <hotspot type="PRODUCTION_POINT" linkNode="unloadTriggerMarker" teleportNode="playerTriggerMarker" />
    </hotspots>

    <triggerMarkers>
        <triggerMarker node="warningStripes01"/>
        <triggerMarker node="warningStripes02"/>
        <triggerMarker node="unloadTriggerMarker" adjustToGround="true" filename="$data/shared/assets/marker/markerIconUnload.i3d"/>
        <triggerMarker node="playerTriggerMarker" adjustToGround="true" filename="$data/shared/assets/marker/markerIconWrench.i3d"/>
    </triggerMarkers>

    <productionPoint>
        <productions>
            <production id="sunflower_oil" name="$l10n_fillType_sunflowerOil" cyclesPerHour="5" costsPerActiveHour="2.5">
                <inputs>
                    <input fillType="SUNFLOWER" amount="20" />
                </inputs>
                <outputs>
                    <output fillType="SUNFLOWER_OIL" amount="10" />
                </outputs>
            </production>
            <production id="canola_oil" name="$l10n_fillType_canolaOil" cyclesPerHour="5" costsPerActiveHour="2.5">
                <inputs>
                    <input fillType="CANOLA" amount="20" />
                </inputs>
                <outputs>
                    <output fillType="CANOLA_OIL" amount="10" />
                </outputs>
            </production>
            <production id="olive_oil" name="$l10n_fillType_oliveOil" cyclesPerHour="2.5" costsPerActiveHour="2.5">
                <inputs>
                    <input fillType="OLIVE" amount="25" />
                </inputs>
                <outputs>
                    <output fillType="OLIVE_OIL" amount="10" />
                </outputs>
            </production>
            <production id="rice_oil_longGrainRice" name="%s (%s)" params="$l10n_fillType_riceOil|$l10n_fillType_riceLongGrain" cyclesPerHour="5" costsPerActiveHour="2.5">
                <inputs>
                    <input fillType="RICELONGGRAIN" amount="25" />
                </inputs>
                <outputs>
                    <output fillType="RICE_OIL" amount="10" />
                </outputs>
            </production>
            <production id="rice_oil_rice" name="%s (%s)" params="$l10n_fillType_riceOil|$l10n_fillType_rice" cyclesPerHour="5" costsPerActiveHour="2.5">
                <inputs>
                    <input fillType="RICE" amount="12" />
                </inputs>
                <outputs>
                    <output fillType="RICE_OIL" amount="10" />
                </outputs>
            </production>
        </productions>

        <storage isExtension="false" fillLevelSyncThreshold="50">
            <capacity fillType="SUNFLOWER"     capacity="19200" />
            <capacity fillType="CANOLA"        capacity="19200" />
            <capacity fillType="OLIVE"         capacity="12000" />
            <capacity fillType="RICELONGGRAIN" capacity="24000" />
            <capacity fillType="RICE"          capacity="11600" />
            <capacity fillType="SUNFLOWER_OIL" capacity="10000" />
            <capacity fillType="CANOLA_OIL"    capacity="10000" />
            <capacity fillType="OLIVE_OIL"     capacity="5000" />
            <capacity fillType="RICE_OIL"      capacity="10000" />
        </storage>

        <sellingStation node="sellingStation" supportsExtension="false" allowMissions="false">
            <unloadTrigger exactFillRootNode="exactFillNode" aiNode="unloadTriggerAINode" fillTypes="SUNFLOWER CANOLA OLIVE RICELONGGRAIN RICE"/>
        </sellingStation>

        <palletSpawner>
            <spawnPlaces>
                <spawnPlace startNode="palletAreaStart01" endNode="palletAreaEnd01"/>
            </spawnPlaces>
        </palletSpawner>

        <playerTrigger node="playerTrigger" />
        <sounds>
            <idle   template="placeableSmallIdleGeneric" linkNode="0>"/>
            <active template="dairyWork" linkNode="0>" pitchScale="1.2" innerRadius="2" outerRadius="15" volumeScale="0.9"/>
        </sounds>
    </productionPoint>

    <i3dMappings>
        <i3dMapping id="clearAreaStart01" node="0>0|0" />
        <i3dMapping id="clearAreaWidth01" node="0>0|0|0" />
        <i3dMapping id="clearAreaHeight01" node="0>0|0|1" />
        <i3dMapping id="levelAreaStart01" node="0>1|0" />
        <i3dMapping id="levelAreaWidth01" node="0>1|0|0" />
        <i3dMapping id="levelAreaHeight01" node="0>1|0|1" />
        <i3dMapping id="paintAreaStart01" node="0>2|0" />
        <i3dMapping id="paintAreaWidth01" node="0>2|0|0" />
        <i3dMapping id="paintAreaHeight01" node="0>2|0|1" />
        <i3dMapping id="indoorAreaStart01" node="0>3|0" />
        <i3dMapping id="indoorAreaWidth01" node="0>3|0|0" />
        <i3dMapping id="indoorAreaHeight01" node="0>3|0|1" />
        <i3dMapping id="testAreaStart01" node="0>4|0" />
        <i3dMapping id="testAreaEnd01" node="0>4|0|0" />
        <i3dMapping id="tipOcclusionUpdateAreaStart01" node="0>5|0" />
        <i3dMapping id="tipOcclusionUpdateAreaEnd01" node="0>5|0|0" />
        <i3dMapping id="infoTrigger" node="0>6" />
        <i3dMapping id="sellingStation" node="0>7" />
        <i3dMapping id="exactFillNode" node="0>7|0" />
        <i3dMapping id="unloadTriggerMarker" node="0>7|1" />
        <i3dMapping id="unloadTriggerAINode" node="0>7|2" />
        <i3dMapping id="playerTrigger" node="0>8|0" />
        <i3dMapping id="playerTriggerMarker" node="0>8|1" />
        <i3dMapping id="warningStripes01" node="0>9|0" />
        <i3dMapping id="warningStripes02" node="0>9|1" />
        <i3dMapping id="palletSpawner" node="0>10" />
        <i3dMapping id="palletAreaStart01" node="0>10|0" />
        <i3dMapping id="palletAreaEnd01" node="0>10|0|0" />
    </i3dMappings>
</placeable>
