<?xml version="1.0" encoding="utf-8" standalone="no" ?>
<placeable type="productionPoint" xmlns:xsi="http://www.w3.org/2001/XMLSchema-instance" xsi:noNamespaceSchemaLocation="../../../../../shared/xml/schema/placeable.xsd">
    <storeData>
        <name>Backyard Sugar Mill LVL2</name>
        <functions>
            <function>$l10n_function_productionPoint</function>
        </functions>
        <image>$data/placeables/brandless/productionPointsSmall/sugarMill/store_sugarMill.png</image>
        <price>40000</price>
		<dailyUpkeep>20</dailyUpkeep>
        <lifetime>1000</lifetime>
        <rotation>0</rotation>
        <brand>NONE</brand>
        <species>PLACEABLE</species>
        <category>productionPoints</category>
        <brush>
            <type>placeable</type>
            <category>production</category>
            <tab>factories</tab>
        </brush>
        <vertexBufferMemoryUsage>290816</vertexBufferMemoryUsage>
        <indexBufferMemoryUsage>78592</indexBufferMemoryUsage>
        <textureMemoryUsage>524288</textureMemoryUsage>
        <instanceVertexBufferMemoryUsage>0</instanceVertexBufferMemoryUsage>
        <instanceIndexBufferMemoryUsage>0</instanceIndexBufferMemoryUsage>
        <audioMemoryUsage>0</audioMemoryUsage>
    </storeData>

    <base>
        <filename>$data/placeables/brandless/productionPointsSmall/sugarMill/sugarMill.i3d</filename>
        <canBeRenamed>true</canBeRenamed>
    </base>

    <placement useRandomYRotation="false" useManualYRotation="true" >
        <testAreas>
            <testArea startNode="testAreaStart01" endNode="testAreaEnd01" />
        </testAreas>
        <sounds>
            <place template="smallImp"/>
        </sounds>
    </placement>

    <clearAreas>
        <clearArea startNode="clearAreaStart01" widthNode="clearAreaWidth01" heightNode="clearAreaHeight01"/>
    </clearAreas>

    <leveling requireLeveling="true" maxSmoothDistance="10" maxSlope="75" maxEdgeAngle="30" >
        <levelAreas>
            <levelArea startNode="levelAreaStart01" widthNode="levelAreaWidth01" heightNode="levelAreaHeight01"/>
        </levelAreas>

        <paintAreas>
            <paintArea startNode="paintAreaStart01" widthNode="paintAreaWidth01" heightNode="paintAreaHeight01" groundType="asphalt"/>
        </paintAreas>
    </leveling>

    <indoorAreas>
        <indoorArea startNode="indoorAreaStart01" widthNode="indoorAreaWidth01" heightNode="indoorAreaHeight01"/>
    </indoorAreas>

    <tipOcclusionUpdateAreas>
        <tipOcclusionUpdateArea startNode="tipOcclusionUpdateAreaStart01" endNode="tipOcclusionUpdateAreaEnd01"/>
    </tipOcclusionUpdateAreas>

    <ai>
        <updateAreas>
            <updateArea startNode="tipOcclusionUpdateAreaStart01" endNode="tipOcclusionUpdateAreaEnd01"/>
        </updateAreas>
    </ai>

    <infoTrigger triggerNode="infoTrigger"/>

    <hotspots>
        <hotspot type="PRODUCTION_POINT" linkNode="unloadTriggerMarker" teleportNode="playerTriggerMarker" />
    </hotspots>

    <triggerMarkers>
        <triggerMarker node="warningStripes01"/>
        <triggerMarker node="warningStripes02"/>
        <triggerMarker node="unloadTriggerMarker" adjustToGround="true" filename="$data/shared/assets/marker/markerIconUnload.i3d"/>
        <triggerMarker node="playerTriggerMarker" adjustToGround="true" filename="$data/shared/assets/marker/markerIconWrench.i3d"/>
    </triggerMarkers>

    <productionPoint>
        <productions sharedThroughputCapacity="false">
            <production id="sugarbeet_sugar" name="%s %s" params="$l10n_fillType_sugarBeet|$l10n_fillType_sugar" cyclesPerHour="132.5" costsPerActiveHour="5">
                <inputs>
                    <input fillType="SUGARBEET" amount="2" />
                </inputs>
                <outputs>
                    <output fillType="SUGAR" amount="1.05" />
                </outputs>
            </production>
            <production id="sugarbeetCut_sugar" name="%s %s" params="$l10n_fillType_sugarBeetCut|$l10n_fillType_sugar" cyclesPerHour="61.25" costsPerActiveHour="3">
                <inputs>
                    <input fillType="SUGARBEET_CUT" amount="5" />
                </inputs>
                <outputs>
                    <output fillType="SUGAR" amount="3" />
                </outputs>
            </production>
            <production id="sugarcane_sugar" name="%s %s" params="$l10n_fillType_sugarCane|$l10n_fillType_sugar" cyclesPerHour="90" costsPerActiveHour="5">
                <inputs>
                    <input fillType="SUGARCANE" amount="2" />
                </inputs>
                <outputs>
                    <output fillType="SUGAR" amount="1" />
                </outputs>
            </production>
        </productions>

        <storage isExtension="false" fillLevelSyncThreshold="50">
            <capacity fillType="SUGARBEET"     capacity="72000" />
            <capacity fillType="SUGARBEET_CUT" capacity="72000" />
            <capacity fillType="SUGARCANE"     capacity="72000" />
            <capacity fillType="SUGAR"         capacity="36000" />
        </storage>

        <sellingStation node="sellingStation" supportsExtension="false" allowMissions="false">
            <unloadTrigger exactFillRootNode="exactFillNode" aiNode="unloadTriggerAINode" fillTypes="SUGARBEET SUGARBEET_CUT SUGARCANE"/>
            <baleTrigger triggerNode="baleTrigger" deleteLitersPerSecond="10000" fillTypes="SUGARBEET_CUT" />
        </sellingStation>

        <palletSpawner>
            <spawnPlaces>
                <spawnPlace startNode="palletAreaStart01" endNode="palletAreaEnd01" />
            </spawnPlaces>
        </palletSpawner>

        <playerTrigger node="playerTrigger" />
        <sounds>
            <idle   template="placeableSmallIdleGeneric" linkNode="0>"/>
            <active template="sugarMillWork" linkNode="0>" pitchScale="1.2" innerRadius="2" outerRadius="15" volumeScale="0.8"/>
        </sounds>
    </productionPoint>

    <i3dMappings>
        <i3dMapping id="clearAreaStart01" node="0>0|0" />
        <i3dMapping id="clearAreaWidth01" node="0>0|0|0" />
        <i3dMapping id="clearAreaHeight01" node="0>0|0|1" />
        <i3dMapping id="levelAreaStart01" node="0>1|0" />
        <i3dMapping id="levelAreaWidth01" node="0>1|0|0" />
        <i3dMapping id="levelAreaHeight01" node="0>1|0|1" />
        <i3dMapping id="paintAreaStart01" node="0>2|0" />
        <i3dMapping id="paintAreaWidth01" node="0>2|0|0" />
        <i3dMapping id="paintAreaHeight01" node="0>2|0|1" />
        <i3dMapping id="indoorAreaStart01" node="0>3|0" />
        <i3dMapping id="indoorAreaWidth01" node="0>3|0|0" />
        <i3dMapping id="indoorAreaHeight01" node="0>3|0|1" />
        <i3dMapping id="testAreaStart01" node="0>4|0" />
        <i3dMapping id="testAreaEnd01" node="0>4|0|0" />
        <i3dMapping id="tipOcclusionUpdateAreaStart01" node="0>5|0" />
        <i3dMapping id="tipOcclusionUpdateAreaEnd01" node="0>5|0|0" />
        <i3dMapping id="infoTrigger" node="0>6" />
        <i3dMapping id="sellingStation" node="0>7" />
        <i3dMapping id="exactFillNode" node="0>7|0" />
        <i3dMapping id="unloadTriggerMarker" node="0>7|1" />
        <i3dMapping id="unloadTriggerAINode" node="0>7|2" />
        <i3dMapping id="baleTrigger" node="0>7|3" />
        <i3dMapping id="playerTrigger" node="0>8|0" />
        <i3dMapping id="playerTriggerMarker" node="0>8|1" />
        <i3dMapping id="warningStripes01" node="0>9|0" />
        <i3dMapping id="warningStripes02" node="0>9|1" />
        <i3dMapping id="palletSpawner" node="0>10" />
        <i3dMapping id="palletAreaStart01" node="0>10|0" />
        <i3dMapping id="palletAreaEnd01" node="0>10|0|0" />
    </i3dMappings>
</placeable>
